state_name,city_name,category,description,latitude,longitude,best_time_to_visit,popular_months,tourist_rating,risk_index,photos,top_attractions
Andhra Pradesh,Tirupati,Religious,Famous for Tirumala Venkateswara Temple,13.6328,79.4192,October - February,"October,November,December",4.8,0.2,"url1.jpg,url2.jpg","[{""name"": ""Tirumala Temple"", ""description"": ""One of the richest religious sites.""}]"
Andhra Pradesh,Visakhapatnam,Beach,Coastal city popular for beaches and parks,17.6868,83.2185,November - March,"December,January,February",4.5,0.18,"url3.jpg,url4.jpg","[{""name"": ""Rama Krishna Beach"", ""description"": ""Popular beach with promenades.""}]"
Andhra Pradesh,Araku Valley,Hill Station,Hill station known for coffee plantations and scenic beauty,18.3333,82.8167,October - March,"October,November,December",4.6,0.15,"url5.jpg,url6.jpg","[{""name"": ""Borra Caves"", ""description"": ""Ancient limestone caves.""}]"
Andhra Pradesh,Vijayawada,Cultural,Famous for Kanaka Durga temple and commercial trade,16.5062,80.648,November - February,"November,December,January",4.4,0.22,"url7.jpg,url8.jpg","[{""name"": ""Kanaka Durga Temple"", ""description"": ""Popular Hindu temple.""}]"
Andhra Pradesh,Amaravati,Heritage,New capital with archaeological sites and museums,16.5416,80.5151,October - March,"October,November,December",4.0,0.13,,"[{""name"": ""Amaravati Stupa"", ""description"": ""Ancient Buddhist monument.""}]"
Andhra Pradesh,Srisailam,Religious,"Known for Mallikarjuna Temple, one of the twelve Jyotirlingas",16.0719,78.8639,October - February,"October,November,December",4.4,0.2,,"[{""name"": ""Mallikarjuna Temple"", ""description"": ""Jyotirlinga temple.""}]"
Andhra Pradesh,Lepakshi,Heritage,Known for Veerabhadra temple and hanging pillar,14.4583,77.6743,October - March,"October,November,February",4.1,0.19,,"[{""name"": ""Veerabhadra Temple"", ""description"": ""Architectural marvel.""}]"
Andhra Pradesh,Kurnool,Historical,Famous for Konda Reddy Fort and Oravakallu Rock Garden,15.8281,78.0373,October - February,"October,November,December",3.9,0.25,,"[{""name"": ""Konda Reddy Fort"", ""description"": ""Heritage fort.""}]"
Andhra Pradesh,Horsley Hills,Hill Station,Known for pleasant climate and scenic hill views,13.3697,78.4799,November - February,"November,December,January",4.0,0.15,,"[{""name"": ""Horsley Hills Viewpoint"", ""description"": ""Panoramic views.""}]"
Andhra Pradesh,Nellore,Commercial,Known for lakes and temples,14.4446,79.9865,October - February,"October,November,December",3.8,0.22,,"[{""name"": ""Pulicat Lake"", ""description"": ""Backwater ecosystem.""}]"
Arunachal Pradesh,Tawang,Religious,Famous for Tawang Monastery,27.5867,91.8668,April - June,"April,May,June",4.6,0.18,,"[{""name"": ""Tawang Monastery"", ""description"": ""Second largest monastery.""}]"
Arunachal Pradesh,Ziro Valley,Nature,Known for scenic landscapes and Apatani tribe,27.6151,93.837,March - May,"March,April,May",4.3,0.15,,"[{""name"": ""Ziro Valley"", ""description"": ""Mesmerizing scenic valley.""}]"
Arunachal Pradesh,Itanagar,Capital,Capital city of Arunachal Pradesh,27.0844,93.6053,March - June,"March,April,May,June",4.0,0.12,,"[{""name"": ""Itanagar"", ""description"": ""Urban capital city.""}]"
Arunachal Pradesh,Bomdila,Hill Station,Known for scenic beauty and apple orchards,27.3167,92.4673,April - June,"April,May,June",4.2,0.14,,"[{""name"": ""Bomdila"", ""description"": ""Hill station attraction.""}]"
Arunachal Pradesh,Namdapha National Park,Nature,Biodiverse protected area,27.2833,96.0833,October - February,"October,November,December,January",4.7,0.1,,"[{""name"": ""Namdapha National Park"", ""description"": ""Wildlife sanctuary.""}]"
Arunachal Pradesh,Roing,Town,Gateway town to the Dibang Valley,28.0975,95.5253,March - June,"March,April,May,June",3.8,0.12,,"[{""name"": ""Roing"", ""description"": ""Trade and cultural center.""}]"
Arunachal Pradesh,Mechuka,Remote Valley,Scenic valley with indigenous tribes,29.825,95.3492,April - June,"April,May,June",3.9,0.13,,"[{""name"": ""Mechuka"", ""description"": ""Peaceful remote valley.""}]"
Arunachal Pradesh,Pasighat,Town,Oldest town of Arunachal Pradesh,28.0675,95.345,March - June,"March,April,May,June",4.1,0.11,,"[{""name"": ""Pasighat"", ""description"": ""Historic trading town.""}]"
Arunachal Pradesh,Dirang,Hill Station,Known for hot springs and scenic views,27.575,92.2769,April - June,"April,May,June",4.2,0.13,,"[{""name"": ""Dirang"", ""description"": ""Hot springs and mountain views.""}]"
Arunachal Pradesh,Bhalukpong,Wildlife,Near the border with Assam famous for wildlife escapes,27.0395,92.1252,October - February,"October,November,December,January",4.3,0.14,,"[{""name"": ""Bhalukpong"", ""description"": ""Wildlife and nature reserve.""}]"
Assam,Guwahati,Urban,"Largest city in Assam, gateway to Northeast India.",26.1445,91.7362,October - March,"October,November,December,January,February",4.3,0.22,,"[{""name"": ""Kamakhya Temple"", ""description"": ""Ancient Hindu temple.""}]"
Assam,Kaziranga National Park,Wildlife,World heritage site famous for one-horned rhinoceros.,26.5775,93.1711,November - April,"November,December,January,February,March,April",4.7,0.15,,"[{""name"": ""Kaziranga NP"", ""description"": ""UNESCO site with rich biodiversity.""}]"
Assam,Majuli Island,Nature,One of the world's largest river islands in the Brahmaputra.,26.9564,94.1503,November - March,"November,December,January,February,March",4.0,0.12,,"[{""name"": ""Majuli Island"", ""description"": ""Cultural and natural beauty.""}]"
Assam,Sivasagar,Historical,Historical town with Ahom dynasty monuments.,26.9832,94.6478,October - March,"October,November,December,January,February,March",4.2,0.25,,"[{""name"": ""Sivasagar"", ""description"": ""Ancient temples and palaces.""}]"
Assam,Tezpur,Cultural,Known for ancient temples and natural beauty.,26.633,92.7991,October - March,"October,November,December,January,February,March",4.0,0.2,,"[{""name"": ""Tezpur"", ""description"": ""Cultural and natural attractions.""}]"
Assam,Jorhat,Urban,Known as the Tea Capital of the world.,26.7466,94.2044,October - March,"October,November,December,January,February,March",4.1,0.17,,"[{""name"": ""Jorhat"", ""description"": ""Tea gardens and cultural sites.""}]"
Assam,Manas National Park,Wildlife,Biosphere reserve and UNESCO World Heritage Site.,26.8027,91.0505,November - April,"November,December,January,February,March,April",4.8,0.1,,"[{""name"": ""Manas NP"", ""description"": ""Rich wildlife and birds.""}]"
Assam,Haflong,Hill Station,Only hill station in Assam.,26.7584,92.6615,October - March,"October,November,December,January,February,March",4.0,0.15,,"[{""name"": ""Haflong"", ""description"": ""Beautiful landscapes.""}]"
Assam,Hajo,Religious,Known for temples and mosques.,26.157,91.4767,October - March,"October,November,December,January,February,March",3.8,0.2,,"[{""name"": ""Hajo"", ""description"": ""Religious significance.""}]"
Assam,Dibrugarh,Urban,Known for oilfields and tea gardens.,27.4728,94.9114,October - March,"October,November,December,January,February,March",4.0,0.18,,"[{""name"": ""Dibrugarh"", ""description"": ""Commercial and cultural hub.""}]"
Bihar,Patna,Urban,Capital city known for rich history.,25.5941,85.1376,October - March,"October,November,December,January,February,March",4.0,0.25,,"[{""name"": ""Golghar"", ""description"": ""Granary built by British.""}]"
Bihar,Bodh Gaya,Religious,Place where Buddha attained enlightenment.,24.695,84.9911,October - March,"October,November,December,January,February,March",4.8,0.12,,"[{""name"": ""Mahabodhi Temple"", ""description"": ""UNESCO World Heritage Site.""}]"
Bihar,Nalanda,Historical,Home to ancient Nalanda University ruins.,25.1467,85.4431,October - March,"October,November,December,January,February,March",4.5,0.14,,"[{""name"": ""Nalanda Ruins"", ""description"": ""Ancient Buddhist university.""}]"
Bihar,Rajgir,Historical,Includes hot springs and ancient ruins.,25.0364,85.4224,October - March,"October,November,December,January,February,March",4.3,0.15,,"[{""name"": ""Rajgir"", ""description"": ""Historic city and hill station.""}]"
Bihar,Vaishali,Historical,Ancient city and archaeological site.,26.21,85.1271,October - March,"October,November,December,January,February,March",4.2,0.16,,"[{""name"": ""Vaishali"", ""description"": ""Ancient city of Buddhist significance.""}]"
Bihar,Vikramshila,Historical,Remains of Vikramshila University.,26.4333,87.1167,October - March,"October,November,December,January,February,March",4.0,0.18,,"[{""name"": ""Vikramshila University Ruins"", ""description"": ""Ancient university.""}]"
Bihar,Pawapuri,Religious,Important Jain pilgrimage site.,25.0417,85.3667,October - March,"October,November,December,January,February,March",4.1,0.14,,"[{""name"": ""Pawapuri"", ""description"": ""Jain pilgrimage center.""}]"
Bihar,Kesaria Stupa,Historical,Largest Buddhist stupa in India.,26.95,84.9167,October - March,"October,November,December,January,February,March",4.0,0.2,,"[{""name"": ""Kesaria Stupa"", ""description"": ""Ancient Buddhist stupa.""}]"
Bihar,Sasaram,Historical,Known for Sher Shah Suri's tomb.,24.9467,84.0173,October - March,"October,November,December,January,February,March",3.8,0.22,,"[{""name"": ""Sher Shah Suri Tomb"", ""description"": ""Historic mausoleum.""}]"
Bihar,Gaya,Religious,Buddhist pilgrimage city.,24.7914,85.0,October - March,"October,November,December,January,February,March",4.5,0.15,,"[{""name"": ""Vishnupad Temple"", ""description"": ""Temple dedicated to Lord Vishnu.""}]"
Chhattisgarh,Raipur,Urban,Capital and major commercial hub.,21.2514,81.6296,October - March,"October,November,December,January,February,March",4.0,0.2,,"[{""name"": ""Purkhouti Muktangan"", ""description"": ""Cultural park.""}]"
Chhattisgarh,Jagdalpur,Nature,Known for waterfalls and tribal culture.,19.0748,82.0341,October - February,"October,November,December,January,February",4.5,0.15,,"[{""name"": ""Chitrakote Falls"", ""description"": ""Niagara of India.""}]"
Chhattisgarh,Chitrakote Falls,Nature,Waterfalls known as Niagara of India.,18.914,81.7884,October - March,"October,November,December,January,February,March",4.8,0.1,,"[{""name"": ""Chitrakote Falls"", ""description"": ""Largest waterfalls in India.""}]"
Chhattisgarh,Bastar,Tribal,Area rich in tribal culture and forests.,18.0535,81.6691,October - March,"November,December,January,February,March",4.2,0.18,,"[{""name"": ""Bastar"", ""description"": ""Tribal culture and arts.""}]"
Chhattisgarh,Sirpur,Historical,Archaeological site with ancient temples.,22.0616,82.1621,October - February,"October,November,December,January,February",4.0,0.19,,"[{""name"": ""Sirpur"", ""description"": ""Excavated ruins and temples.""}]"
Chhattisgarh,Kanger Valley National Park,Wildlife,Tiger reserve with caves and waterfalls.,18.2952,81.9677,October - March,"October,November,December,January,February,March",4.7,0.11,,"[{""name"": ""Kanger Valley"", ""description"": ""Biodiverse national park.""}]"
Chhattisgarh,Mainpat,Hill Station,Known as the Shimla of Chhattisgarh,22.15,82.25,October - March,"October,November,December,January,February,March",4.3,0.17,,"[{""name"": ""Mainpat"", ""description"": ""Hill station and plateau.""}]"
Chhattisgarh,Dandami Luxury Resort,Luxury,Luxury wildlife resort.,20.99,81.54,October - March,"October,November,December,January,February,March",4.6,0.1,,"[{""name"": ""Dandami Resort"", ""description"": ""Exclusive wildlife resort.""}]"
Chhattisgarh,Barnawapara Wildlife Sanctuary,Wildlife,Home to many rare wildlife species.,20.6,81.45,October - March,"October,November,December,January,February,March",4.4,0.14,,"[{""name"": ""Barnawapara Sanctuary"", ""description"": ""Rich biodiversity.""}]"
Chhattisgarh,Tirathgarh Falls,Nature,Beautiful waterfall in Kanger Valley.,18.383,81.65,October - March,"October,November,December,January,February,March",4.5,0.15,,"[{""name"": ""Tirathgarh Falls"", ""description"": ""Spectacular waterfall.""}]"
Goa,Panaji,Capital,Capital city known for its Portuguese heritage.,15.4909,73.8278,November - February,"November,December,January,February",4.5,0.15,,"[{""name"": ""Churches"", ""description"": ""UNESCO World Heritage sites.""}]"
Goa,Calangute,Beach,Popular beach destination with vibrant nightlife.,15.5745,73.7509,November - February,"November,December,January,February",4.3,0.18,,"[{""name"": ""Calangute Beach"", ""description"": ""Scenic beach with water sports.""}]"
Gujarat,Ahmedabad,Urban,Largest city in Gujarat known for textiles and heritage.,23.0225,72.5714,October - March,"October,November,December,January,February,March",4.4,0.16,,"[{""name"": ""Sabarmati Ashram"", ""description"": ""Residence of Mahatma Gandhi.""}]"
Gujarat,Rann of Kutch,Natural Landmark,Salt desert famous for white sands and cultural festivals.,23.7333,69.6667,November - February,"November,December,January,February",4.7,0.09,,"[{""name"": ""White Rann"", ""description"": ""Salt marsh desert.""}]"
Haryana,Kurukshetra,Historical,Known for the battlefield of Mahabharata.,29.9699,76.8783,October - March,"October,November,December,January,February,March",4.1,0.18,,"[{""name"": ""Brahma Sarovar"", ""description"": ""Sacred water body.""}]"
Himachal Pradesh,Shimla,Hill Station,Popular hill station and former summer capital.,31.1048,77.1734,March - June,"March,April,May,June",4.6,0.14,,"[{""name"": ""The Ridge"", ""description"": ""Town center and gathering place.""}]"
Himachal Pradesh,Shimla,Hill Station,Popular hill station and former summer capital.,31.1048,77.1734,March - June,"March,April,May,June",4.6,0.14,,"[{""name"": ""The Ridge"", ""description"": ""Town center and gathering place.""}]"
Himachal Pradesh,Manali,Hill Station,Famous for snow-clad mountains and adventure sports.,32.2396,77.1887,April - June,"April,May,June,September,October",4.7,0.13,,"[{""name"": ""Rohtang Pass"", ""description"": ""Snow-capped mountain pass.""}]"
Himachal Pradesh,Dharamshala,Spiritual,Home of the Dalai Lama and Tibetan culture.,32.219,76.3234,March - June,"March,April,May,September,October",4.5,0.12,,"[{""name"": ""Dalai Lama Temple"", ""description"": ""Center of Tibetan Buddhism.""}]"
Himachal Pradesh,Dalhousie,Hill Station,British colonial hill town with Victorian architecture.,32.5378,75.9753,March - June,"March,April,May,September",4.4,0.13,,"[{""name"": ""St. John’s Church"", ""description"": ""One of the oldest churches.""}]"
Himachal Pradesh,Kullu,Valley,Valley known for scenic views and festivals.,31.9595,77.1099,March - June,"March,April,May,September,October",4.3,0.14,,"[{""name"": ""Great Himalayan National Park"", ""description"": ""Biodiverse national park.""}]"
Himachal Pradesh,Spiti Valley,Adventure,"High-altitude cold desert, famous for trekking.",32.2252,78.081,May - October,"May,June,July,August,September,October",4.6,0.2,,"[{""name"": ""Ki Monastery"", ""description"": ""One of the largest monasteries in Spiti.""}]"
Himachal Pradesh,Chamba,Heritage,Known for ancient temples and scenic views.,32.5533,76.145,April - June,"April,May,June,September,October",4.2,0.15,,"[{""name"": ""Lakshmi Narayan Temple"", ""description"": ""Iconic temple of the region.""}]"
Himachal Pradesh,Kasol,Hill Station,Popular backpacker hotspot at the Parvati Valley.,32.0226,77.3257,March - June,"March,April,May,September,October",4.5,0.12,,"[{""name"": ""Parvati River"", ""description"": ""Scenic river and trekking base.""}]"
Himachal Pradesh,McLeod Ganj,Spiritual,Seat of Tibetan government in exile and Dalai Lama residence.,32.2396,76.3214,March - June,"March,April,May,September,October",4.7,0.11,,"[{""name"": ""Dalai Lama Temple"", ""description"": ""Spiritual center.""}]"
Himachal Pradesh,Solang Valley,Adventure,Adventure sports hub offering skiing and paragliding.,32.2722,77.15,December - March,"December,January,February,March",4.6,0.19,,"[{""name"": ""Solang Valley"", ""description"": ""Adventure sports center.""}]"
Jharkhand,Ranchi,Urban,"Capital city, famous for waterfalls and lakes.",23.3441,85.3096,October - March,"October,November,December,January,February,March",4.2,0.18,,"[{""name"": ""Rock Garden"", ""description"": ""Scenic garden with view.""}]"
Jharkhand,Netarhat,Hill Station,Known for beautiful sunrise and sunset points.,23.4837,84.2658,October - March,"October,November,December,January,February,March",4.6,0.12,,"[{""name"": ""Netarhat Hills"", ""description"": ""Panoramic views of hills.""}]"
Jharkhand,Betla National Park,Wildlife,Tiger reserve in Palamu district.,23.8752,84.1985,November - February,"November,December,January,February",4.4,0.2,,"[{""name"": ""Betla NP"", ""description"": ""Wildlife sanctuary.""}]"
Jharkhand,Hazaribagh,Urban,Green city known for wildlife sanctuary.,23.9756,85.3787,October - March,"October,November,December,January,February,March",4.0,0.23,,"[{""name"": ""Hazaribagh Lake"", ""description"": ""Peaceful urban lake.""}]"
Jharkhand,Deoghar,Religious,Home to Baidyanath Jyotirlinga temple.,24.4858,86.6955,November - February,"November,December,January,February",4.7,0.1,,"[{""name"": ""Baidyanath Temple"", ""description"": ""Prominent pilgrimage site.""}]"
Jharkhand,Patratu Valley,Nature,Scenic green valley famous for its dam.,23.8815,85.2793,October - March,"October,November,December,January,February,March",4.2,0.14,,"[{""name"": ""Patratu Dam"", ""description"": ""Scenic valley and lake.""}]"
Jharkhand,Dassam Falls,Nature,Picturesque waterfall near Ranchi.,22.5398,85.4367,October - February,"October,November,December,January,February",4.5,0.13,,"[{""name"": ""Dassam Falls"", ""description"": ""Scenic waterfall.""}]"
Jharkhand,Hundru Falls,Nature,Tall waterfall amidst forests.,23.4017,85.4253,October - February,"October,November,December,January,February",4.5,0.13,,"[{""name"": ""Hundru Falls"", ""description"": ""Waterfall and picnic spot.""}]"
Jharkhand,Giridih,Urban,Known for Parasnath Hills and Jain temples.,24.1867,86.2894,October - March,"October,November,December,January,February,March",4.0,0.2,,"[{""name"": ""Parasnath Hills"", ""description"": ""Jain pilgrimage center.""}]"
Jharkhand,Jamshedpur,Urban,Industrial city with parks and lakes.,22.8046,86.2029,October - February,"October,November,December,January,February",4.2,0.22,,"[{""name"": ""Jubilee Park"", ""description"": ""Garden and amusement center.""}]"
Karnataka,Bengaluru,Urban,IT hub and garden city.,12.9716,77.5946,October - February,"October,November,December,January,February",4.4,0.25,,"[{""name"": ""Lalbagh"", ""description"": ""Historic botanical garden.""}]"
Karnataka,Mysuru,Heritage,City of palaces and culture.,12.2958,76.6394,October - February,"October,November,December,January,February",4.6,0.21,,"[{""name"": ""Mysore Palace"", ""description"": ""Royal heritage palace.""}]"
Karnataka,Hampi,Heritage,"UNESCO World Heritage site, ruins of Vijayanagar.",15.335,76.46,October - March,"October,November,December,January,February,March",4.8,0.1,,"[{""name"": ""Vittala Temple"", ""description"": ""Iconic stone chariot temple.""}]"
Karnataka,Kodagu,Nature,Hill station famous for coffee plantations(Also Known as Coorg).,12.3375,75.8069,October - March,"October,November,December,January,February,March",4.7,0.13,,"[{""name"": ""Abbey Falls"", ""description"": ""Scenic waterfalls.""}]"
Karnataka,Chikmagalur,Nature,Coffee land of Karnataka.,13.3161,75.772,September - March,"September,October,November,December,January,February,March",4.6,0.14,,"[{""name"": ""Mullayanagiri"", ""description"": ""Highest peak of Karnataka.""}]"
Karnataka,Gokarna,Beach,Laid-back beach destination.,14.551,74.32,October - March,"October,November,December,January,February,March",4.5,0.2,,"[{""name"": ""Om Beach"", ""description"": ""Popular beach for relaxation.""}]"
Karnataka,Badami,Heritage,Historic town renowned for cave temples.,15.9146,75.6768,October - March,"October,November,December,January,February,March",4.3,0.18,,"[{""name"": ""Cave Temples"", ""description"": ""Rock-cut architecture.""}]"
Karnataka,Udupi,Religious,Famous temple town and Upanishad center.,13.3389,74.7461,October - March,"October,November,December,January,February,March",4.5,0.16,,"[{""name"": ""Sri Krishna Temple"", ""description"": ""Ancient Hindu temple.""}]"
Karnataka,Jog Falls,Nature,Highest waterfall in Karnataka.,14.2222,74.7464,August - January,"August,September,October,November,December,January",4.6,0.15,,"[{""name"": ""Jog Falls"", ""description"": ""Spectacular cascade.""}]"
Karnataka,Bijapur,Heritage,City with Islamic architecture and Gol Gumbaz.,16.8302,75.71,October - March,"October,November,December,January,February,March",4.2,0.17,,"[{""name"": ""Gol Gumbaz"", ""description"": ""Largest dome in India.""}]"
Kerala,Kochi,Urban,"Port city known for colonial architecture, spices, and fishing nets.",9.9312,76.2673,October - March,"October,November,December,January,February,March",4.5,0.15,,"[{""name"": ""Fort Kochi"", ""description"": ""Colonial-era town and beach.""}]"
Kerala,Munnar,Hill Station,"Tea-growing region, rolling hills and cool climate.",10.0889,77.0595,September - March,"September,October,November,December,January,February,March",4.7,0.13,,"[{""name"": ""Tea Gardens"", ""description"": ""Expansive tea plantations.""}]"
Kerala,Alleppey,Backwaters,Known for its backwater cruises and houseboats.,9.4981,76.3388,November - February,"November,December,January,February",4.7,0.11,,"[{""name"": ""Backwaters"", ""description"": ""Houseboat and canoe rides.""}]"
Kerala,Thekkady,Wildlife,Famous for Periyar Wildlife Sanctuary and spice plantations.,9.5312,77.1616,September - April,"September,October,November,December,January,February,March,April",4.6,0.14,,"[{""name"": ""Periyar Lake"", ""description"": ""Wildlife boat rides.""}]"
Kerala,Wayanad,Hill Station,"Known for forests, wildlife, and waterfalls.",11.6854,76.132,October - May,"October,November,December,January,February,March,April,May",4.5,0.12,,"[{""name"": ""Edakkal Caves"", ""description"": ""Ancient petroglyphs.""}]"
Kerala,Kovalam,Beach,One of the best beaches in South India.,8.4077,76.9789,November - February,"November,December,January,February",4.3,0.17,,"[{""name"": ""Lighthouse Beach"", ""description"": ""Golden sand beach.""}]"
Kerala,Varkala,Beach,Beach town known for cliffs and natural springs.,8.7344,76.7041,November - March,"November,December,January,February,March",4.4,0.16,,"[{""name"": ""Varkala Cliff"", ""description"": ""Dramatic sea cliff beach.""}]"
Kerala,Thrissur,Cultural,"Cultural capital of Kerala, famous for Pooram festival.",10.5276,76.2144,October - March,"October,November,December,January,February,March",4.2,0.14,,"[{""name"": ""Vadakkunnathan Temple"", ""description"": ""UNESCO world heritage temple.""}]"
Kerala,Kumarakom,Backwaters,"Famous for lakes, bird sanctuary, houseboats.",9.6164,76.4315,November - March,"November,December,January,February,March",4.5,0.12,,"[{""name"": ""Bird Sanctuary"", ""description"": ""Haven for migratory birds.""}]"
Kerala,Bekal Fort,Heritage,Massive fort facing the Arabian Sea.,12.3964,75.0343,November - February,"November,December,January,February",4.5,0.11,,"[{""name"": ""Bekal Fort"", ""description"": ""Historic sea-facing fortress.""}]"
Madhya Pradesh,Bhopal,Urban,Capital city known for lakes and heritage sites.,23.2599,77.4126,October - March,"October,November,December,January,February,March",4.2,0.19,,"[{""name"": ""Upper Lake"", ""description"": ""Scenic lake in the heart of city.""}]"
Madhya Pradesh,Indore,Urban,"Commercial capital, known for food and culture.",22.7196,75.8577,October - March,"October,November,December,January,February,March",4.0,0.18,,"[{""name"": ""Rajwada Palace"", ""description"": ""Historic palace.""}]"
Madhya Pradesh,Khajuraho,Heritage,Famous for UNESCO erotic temples.,24.8318,79.9199,October - March,"October,November,December,January,February,March",4.8,0.12,,"[{""name"": ""Khajuraho Temples"", ""description"": ""World Heritage temple complex.""}]"
Madhya Pradesh,Gwalior,Heritage,"City of palaces, forts, and classical music.",26.2183,78.1828,October - March,"October,November,December,January,February,March",4.5,0.17,,"[{""name"": ""Gwalior Fort"", ""description"": ""Hilltop fort with palaces.""}]"
Madhya Pradesh,Orchha,Heritage,"Medieval town by the Betwa River, known for palaces and temples.",25.3577,78.64,October - March,"October,November,December,January,February,March",4.2,0.15,,"[{""name"": ""Orchha Fort Complex"", ""description"": ""Collection of palaces and temples.""}]"
Madhya Pradesh,Sanchi,Heritage,UNESCO world heritage Buddhist stupa complex.,23.4803,77.7369,October - March,"October,November,December,January,February,March",4.7,0.1,,"[{""name"": ""Sanchi Stupa"", ""description"": ""Ancient Buddhist monument.""}]"
Madhya Pradesh,Pachmarhi,Hill Station,"Queen of Satpura, known for waterfalls and caves.",22.467,78.4333,October - June,"October,November,December,January,February,March,April,May,June",4.5,0.14,,"[{""name"": ""Bee Falls"", ""description"": ""Scenic waterfall in forest.""}]"
Madhya Pradesh,Kanha National Park,Wildlife,One of India's best tiger reserves and forests.,22.3345,80.6115,October - June,"October,November,December,January,February,March,April,May,June",4.8,0.1,,"[{""name"": ""Kanha Tiger Reserve"", ""description"": ""National Park and wildlife.""}]"
Madhya Pradesh,Ujjain,Religious,"Holy city on the Shipra river, hosts Kumbh Mela.",23.1765,75.7885,October - March,"October,November,December,January,February,March",4.6,0.13,,"[{""name"": ""Mahakaleshwar Temple"", ""description"": ""One of the twelve Jyotirlingas.""}]"
Madhya Pradesh,Jabalpur,Urban,Famous for marble rocks of Bhedaghat.,23.1815,79.9864,October - March,"October,November,December,January,February,March",4.3,0.16,,"[{""name"": ""Marble Rocks"", ""description"": ""Gorges on Narmada river.""}]"
Maharashtra,Mumbai,Urban,"India's financial capital, known for Bollywood, Gateway of India, Marine Drive.",19.076,72.8777,November - February,"November,December,January,February",4.8,0.18,,"[{""name"": ""Gateway of India"", ""description"": ""Iconic waterfront monument.""}]"
Maharashtra,Pune,Urban,Cultural and academic hub with hill forts and temples.,18.5204,73.8567,October - February,"October,November,December,January,February",4.4,0.17,,"[{""name"": ""Shaniwar Wada"", ""description"": ""Historic fortification.""}]"
Maharashtra,Aurangabad (Ajanta & Ellora Caves),Heritage,"Gateway to ancient Ajanta and Ellora caves, UNESCO sites.",19.8762,75.3433,November - February,"November,December,January,February",4.8,0.13,,"[{""name"": ""Ajanta & Ellora"", ""description"": ""Ancient rock-cut caves and sculptures.""}]"
Maharashtra,Lonavala,Hill Station,"Monsoon getaway known for forts, caves, and chikki.",18.7481,73.4072,June - September,"June,July,August,September",4.7,0.15,,"[{""name"": ""Bhushi Dam"", ""description"": ""Popular monsoon spot.""}]"
Maharashtra,Mahabaleshwar,Hill Station,Strawberry farming hill town with cool climate.,17.9307,73.6479,November - February,"November,December,January,February",4.6,0.1,,"[{""name"": ""Venna Lake"", ""description"": ""Serene lake for boating.""}]"
Maharashtra,Nashik,Religious,"Holy city on Godavari, famous for Kumbh Mela & vineyards.",19.9975,73.7898,October - March,"October,November,December,January,February,March",4.2,0.12,,"[{""name"": ""Sula Vineyards"", ""description"": ""Popular vineyard tour and festival.""}]"
Maharashtra,Shirdi,Religious,Pilgrimage town famous for Sai Baba temple.,19.7666,74.4753,October - February,"October,November,December,January,February",4.7,0.12,,"[{""name"": ""Sai Baba Temple"", ""description"": ""Prominent temple complex.""}]"
Maharashtra,Alibaug,Beach,Beach destination near Mumbai.,18.6414,72.8722,November - February,"November,December,January,February",4.3,0.16,,"[{""name"": ""Alibaug Beach"", ""description"": ""Popular for water sports.""}]"
Maharashtra,Kolhapur,Heritage,Cultural city known for temples and spicy cuisine.,16.7049,74.2433,October - March,"October,November,December,January,February,March",4.1,0.18,,"[{""name"": ""Mahalaxmi Temple"", ""description"": ""Major pilgrimage site.""}]"
Maharashtra,Nagpur,Urban,Major city and tiger gateway of Central India.,21.1458,79.0882,October - March,"October,November,December,January,February,March",4.0,0.15,,"[{""name"": ""Deekshabhoomi"", ""description"": ""Buddhist monument and city landmark.""}]"
Manipur,Imphal,Urban,"Capital, famous for Kangla Fort and Loktak Lake.",24.817,93.9368,October - March,"October,November,December,January,February,March",4.1,0.2,,"[{""name"": ""Kangla Fort"", ""description"": ""Ancient fort in city center.""}]"
Manipur,Loktak Lake,Nature,Largest freshwater lake with floating islands.,24.4986,93.8037,October - March,"October,November,December,January,February,March",4.6,0.14,,"[{""name"": ""Loktak Lake"", ""description"": ""Famous phumdis and boating.""}]"
Manipur,Keibul Lamjao National Park,Wildlife,Only floating national park with endangered Sangai deer.,24.5427,93.8222,October - March,"October,November,December,January,February,March",4.5,0.12,,"[{""name"": ""Keibul Lamjao"", ""description"": ""Unique floating ecosystem.""}]"
Manipur,Kangla Fort,Heritage,Ancient fort and palace ruins.,24.8168,93.9367,October - March,"October,November,December,January,February,March",4.2,0.18,,"[{""name"": ""Kangla Fort"", ""description"": ""Historic site near Imphal River.""}]"
Manipur,Moreh,Border Town,Border market town adjoining Myanmar.,24.4411,94.3615,October - March,"October,November,December,January,February,March",3.8,0.25,,"[{""name"": ""Border Bazaar"", ""description"": ""Indo-Myanmar market.""}]"
Manipur,Thoubal,Nature,Town famous for wetland paddy fields and lakes.,24.6387,93.9966,November - February,"November,December,January,February",4.0,0.16,,"[{""name"": ""Waithou Lake"", ""description"": ""Famous wetland and birds.""}]"
Manipur,Andro Village,Heritage,Community-run heritage village.,24.7582,94.0317,October - March,"October,November,December,January,February,March",4.3,0.13,,"[{""name"": ""Andro"", ""description"": ""Crafts and village museum.""}]"
Manipur,Bishnupur,Religious,Temple town famous for Vishnu Temple.,24.5995,93.774,October - March,"October,November,December,January,February,March",4.0,0.17,,"[{""name"": ""Vishnu Temple"", ""description"": ""Teracotta temple heritage.""}]"
Manipur,Ukhrul,Nature,Hill town and home of Shirui Lilly.,25.019,94.2483,May - June,"May,June",4.1,0.18,,"[{""name"": ""Shirui Kashong"", ""description"": ""Famous lily hills.""}]"
Manipur,Sendra Island,Nature,Island resort on Loktak Lake.,24.5738,93.836,October - March,"October,November,December,January,February,March",4.2,0.13,,"[{""name"": ""Sendra Resort"", ""description"": ""Lake view resort on the island.""}]"
Meghalaya,Shillong,Hill Station,"Capital city, Scotland of the East.",25.5788,91.8933,March - June,"March,April,May,June,September,October",4.6,0.13,,"[{""name"": ""Ward’s Lake"", ""description"": ""Ornamental lake and gardens.""}]"
Meghalaya,Cherrapunji,Nature,"One of the wettest places on Earth, root bridges.",25.2986,91.6937,October - May,"October,November,December,January,February,March,April,May",4.8,0.12,,"[{""name"": ""Living Root Bridges"", ""description"": ""Natural tree root bridges.""}]"
Meghalaya,Dawki,Nature,"Crystal-clear Umngot River, adventure boating.",25.2097,92.021,November - February,"November,December,January,February",4.4,0.14,,"[{""name"": ""Umngot River"", ""description"": ""Boat rides on transparent river.""}]"
Meghalaya,Mawlynnong,Village,Asia’s cleanest village.,25.1997,91.5822,September - May,"September,October,November,December,January,February,March,April,May",4.6,0.1,,"[{""name"": ""Sky View"", ""description"": ""Bamboo tower with sweeping views.""}]"
Meghalaya,Jowai,Nature,Town of scenic lakes and valleys.,25.449,92.29,October - May,"October,November,December,January,February,March,April,May",4.3,0.13,,"[{""name"": ""Krang Suri Falls"", ""description"": ""Famous waterfall near Jowai.""}]"
Meghalaya,Nongriat,Nature,Journey to double-decker living root bridge.,25.2736,91.7077,October - May,"October,November,December,January,February,March,April,May",4.7,0.1,,"[{""name"": ""Double Decker Root Bridge"", ""description"": ""Unique nature-made bridges.""}]"
Meghalaya,Tura,Wildlife,Gateway to evergreen forests and Nokrek National Park.,25.518,90.2205,October - May,"October,November,December,January,February,March,April,May",4.2,0.17,,"[{""name"": ""Nokrek NP"", ""description"": ""Biodiverse rainforest.""}]"
Meghalaya,Mawsynram,Nature,"Wettest place on Earth, cave explorations.",25.2986,91.5822,April - September,"April,May,June,July,August,September",4.5,0.09,,"[{""name"": ""Mawsmai Cave"", ""description"": ""Famous limestone caves.""}]"
Meghalaya,Laitlum Canyons,Nature,"Grand canyon of the East, trekking and sightseeing.",25.5449,91.9397,March - May,"March,April,May",4.8,0.11,,"[{""name"": ""Laitlum"", ""description"": ""Canyon with spectacular views.""}]"
Meghalaya,Balpakram National Park,Wildlife,"Mythical land called land of spirits, rich in flora and fauna.",25.2363,90.8292,October - March,"October,November,December,January,February,March",4.5,0.12,,"[{""name"": ""Balpakram NP"", ""description"": ""National park and wilderness.""}]"
Mizoram,Aizawl,Urban,Capital and largest city atop a ridge.,23.7271,92.7176,October - March,"October,November,December,January,February,March",4.4,0.13,,"[{""name"": ""Durtlang Hills"", ""description"": ""City viewpoint.""}]"
Mizoram,Lunglei,Hill Station,Second largest town with river views.,22.8815,92.7265,October - March,"October,November,December,January,February,March",4.2,0.1,,"[{""name"": ""Serkawn"", ""description"": ""Neighborhood and Baptist Church.""}]"
Mizoram,Champhai,Nature,Frontier town famous for vineyards and vistas.,23.4577,93.3284,October - March,"October,November,December,January,February,March",4.3,0.11,,"[{""name"": ""Champhai Vineyards"", ""description"": ""Hilltop vineyards and border views.""}]"
Mizoram,Reiek,Hill Station,Picnic and trekking spot with village huts.,23.7267,92.6208,November - February,"November,December,January,February",4.2,0.13,,"[{""name"": ""Reiek Peak"", ""description"": ""Panoramic viewpoint.""}]"
Mizoram,Phawngpui Peak,Nature,Highest peak in Mizoram also known as Blue Mountain.,22.6584,93.022,October - May,"October,November,December,January,February,March,April,May",4.6,0.09,,"[{""name"": ""Phawngpui National Park"", ""description"": ""Forest and trekking trails.""}]"
Mizoram,Serchhip,Urban,Known for Vantawng Falls and handloom industry.,23.3017,92.8469,November - February,"November,December,January,February",4.1,0.13,,"[{""name"": ""Vantawng Falls"", ""description"": ""Highest waterfall in Mizoram.""}]"
Mizoram,Tamdil Lake,Nature,"Largest natural lake in the state, boating spot.",23.7497,92.9266,October - March,"October,November,December,January,February,March",4.3,0.1,,"[{""name"": ""Tamdil Lake"", ""description"": ""Lake and picnic area.""}]"
Mizoram,Murlen National Park,Wildlife,Biodiverse forest near Champhai.,23.667,93.333,October - March,"October,November,December,January,February,March",4.0,0.1,,"[{""name"": ""Murlen Park"", ""description"": ""Thick bamboo groves and caves.""}]"
Mizoram,Dampa Tiger Reserve,Wildlife,Tiger reserve in the west of the state.,23.5647,92.3632,November - April,"November,December,January,February,March,April",4.5,0.09,,"[{""name"": ""Dampa Reserve"", ""description"": ""Wildlife sanctuary and forest.""}]"
Mizoram,Thenzawl,Town,Known for waterfalls and handloom center.,23.4356,92.8364,November - February,"November,December,January,February",4.0,0.13,,"[{""name"": ""Thenzawl Falls"", ""description"": ""Vantawng and Tuirihiau Falls.""}]"
Nagaland,Kohima,Urban,Capital city known for Hornbill Festival.,25.6701,94.1077,November - March,"November,December,January,February,March",4.3,0.13,,"[{""name"": ""War Cemetery"", ""description"": ""World War II memorial.""}]"
Nagaland,Dimapur,Urban,"Entry city, commercial hub and ruins.",25.9086,93.7314,October - March,"October,November,December,January,February,March",4.0,0.18,,"[{""name"": ""Kachari Ruins"", ""description"": ""Megalithic ancient ruins.""}]"
Nagaland,Mokokchung,Town,Cultural heartland of Ao Naga people.,26.3241,94.5282,October - March,"October,November,December,January,February,March",4.2,0.17,,"[{""name"": ""Longkhum Village"", ""description"": ""Ao tribal culture.""}]"
Nagaland,Mon,Tribal,Famous for Konyak Nagas and tattooed headhunters.,26.7401,95.0632,October - March,"October,November,December,January,February,March",4.4,0.16,,"[{""name"": ""Longwa Village"", ""description"": ""Unique border village.""}]"
Nagaland,Tuophema,Village,"Tourist village, model of Naga culture.",25.7533,94.273,November - March,"November,December,January,February,March",4.3,0.17,,"[{""name"": ""Tuophema Tourist Village"", ""description"": ""Traditional Naga huts and food.""}]"
Nagaland,Wokha,Nature,Popular for Doyang river and Lotha Nagas.,26.1011,94.262,October - March,"October,November,December,January,February,March",4.0,0.18,,"[{""name"": ""Doyang Lake"", ""description"": ""Scenic lake and birding.""}]"
Nagaland,Khonoma Village,Heritage,Asia's first green village.,25.7119,94.0011,October - March,"October,November,December,January,February,March",4.5,0.12,,"[{""name"": ""Khonoma"", ""description"": ""Eco-friendly village experience.""}]"
Nagaland,Dzukou Valley,Nature,Spectacular valley and trekking hotspot.,25.6771,93.7853,June - September,"June,July,August,September",4.8,0.11,,"[{""name"": ""Dzukou Valley"", ""description"": ""Alpine flowers and treks.""}]"
Nagaland,Longleng,Town,District HQ known for river valleys and forests.,26.4382,94.8098,October - March,"October,November,December,January,February,March",4.0,0.16,,"[{""name"": ""Yongam Village"", ""description"": ""Phom tribal homeland.""}]"
Nagaland,Phek,Nature,Home to Shilloi Lake and ethnic tribal settings.,25.672,94.466,October - March,"October,November,December,January,February,March",4.2,0.14,,"[{""name"": ""Shilloi Lake"", ""description"": ""Natural lake surrounded by hills.""}]"
Odisha,Bhubaneswar,Urban,"Temple city, capital of Odisha.",20.2961,85.8245,October - March,"October,November,December,January,February,March",4.3,0.16,,"[{""name"": ""Lingaraj Temple"", ""description"": ""Ancient Hindu temple.""}]"
Odisha,Puri,Religious,Holy city famous for Jagannath Temple and beaches.,19.8135,85.8312,October - February,"October,November,December,January,February",4.7,0.13,,"[{""name"": ""Jagannath Temple"", ""description"": ""Major Hindu pilgrimage site.""}]"
Odisha,Konark,Heritage,UNESCO World Heritage Sun Temple town.,19.8876,86.0946,November - February,"November,December,January,February",4.9,0.12,,"[{""name"": ""Konark Sun Temple"", ""description"": ""Stone chariot temple.""}]"
Odisha,Chilika Lake,Nature,Asia’s largest brackish lagoon and birding haven.,19.6786,85.5077,November - February,"November,December,January,February",4.6,0.11,,"[{""name"": ""Chilika Lake"", ""description"": ""Dolphins and migratory birds.""}]"
Odisha,Cuttack,Urban,Millennium city and business hub on Mahanadi river.,20.4625,85.8828,October - March,"October,November,December,January,February,March",4.0,0.16,,"[{""name"": ""Barabati Fort"", ""description"": ""Historic riverside fort.""}]"
Odisha,Raghurajpur,Crafts Village,Pattachitra art village.,19.9812,85.8343,November - February,"November,December,January,February",4.7,0.12,,"[{""name"": ""Raghurajpur Village"", ""description"": ""Heritage arts and crafts.""}]"
Odisha,Simlipal National Park,Wildlife,"Tiger reserve, forest and waterfalls.",21.7086,86.4031,November - April,"November,December,January,February,March,April",4.6,0.09,,"[{""name"": ""Simlipal Park"", ""description"": ""Tiger and elephant reserve.""}]"
Odisha,Daringbadi,Hill Station,"‘Kashmir of Odisha’, cool hill getaway.",19.8866,84.1412,October - March,"October,November,December,January,February,March",4.5,0.1,,"[{""name"": ""Daringbadi"", ""description"": ""Pine forests and coffee gardens.""}]"
Odisha,Berhampur,Urban,"South Odisha's largest city, close to Gopalpur beach.",19.3149,84.7941,October - March,"October,November,December,January,February,March",4.1,0.14,,"[{""name"": ""Gopalpur Beach"", ""description"": ""Palm-fringed beach.""}]"
Odisha,Udayagiri,Heritage,Historic site with ancient caves and Buddhist ruins.,20.1263,85.7087,November - February,"November,December,January,February",4.2,0.12,,"[{""name"": ""Udayagiri Caves"", ""description"": ""Rock-cut caves and monastery ruins.""}]"
Punjab,Amritsar,Religious,"Holy city, famous for the Golden Temple.",31.634,74.8723,October - March,"October,November,December,January,February,March",4.9,0.11,,"[{""name"": ""Golden Temple"", ""description"": ""Sacred Sikh pilgrimage.""}]"
Punjab,Chandigarh,Urban,"Planned city and joint capital, famous for gardens and architecture.",30.7333,76.7794,October - March,"October,November,December,January,February,March",4.2,0.13,,"[{""name"": ""Rock Garden"", ""description"": ""Sculpture garden with recycled art.""}]"
Punjab,Ludhiana,Urban,"Largest city, center for hosiery and industry.",30.9,75.8573,October - March,"October,November,December,January,February,March",4.0,0.18,,"[{""name"": ""Punjab Agricultural University Museum"", ""description"": ""Displays of Punjab rural life.""}]"
Punjab,Jalandhar,Urban,"Prominent city, historic temples and sports manufacturing.",31.326,75.5762,October - March,"October,November,December,January,February,March",4.1,0.16,,"[{""name"": ""Devi Talab Mandir"", ""description"": ""Iconic old temple.""}]"
Punjab,Anandpur Sahib,Religious,"Sikh pilgrimage site, birthplace of Khalsa.",31.2391,76.5011,October - March,"October,November,December,January,February,March",4.6,0.11,,"[{""name"": ""Takht Sri Kesgarh Sahib"", ""description"": ""Famous Sikh gurdwara.""}]"
Punjab,Patiala,Heritage,"Known for palaces, gardens and cultural heritage.",30.3398,76.3869,October - March,"October,November,December,January,February,March",4.3,0.13,,"[{""name"": ""Qila Mubarak"", ""description"": ""Historic fort and palace.""}]"
Punjab,Kapurthala,Urban,Royal heritage city with striking French and Indo-Saracenic architecture.,31.3801,75.381,October - March,"October,November,December,January,February,March",4.1,0.15,,"[{""name"": ""Jagatjit Palace"", ""description"": ""Splendid architectural landmark.""}]"
Punjab,Wagah Border,Historical,Famous for India-Pakistan border ceremony.,31.6102,74.575,October - March,"October,November,December,January,February,March",4.7,0.14,,"[{""name"": ""Wagah"", ""description"": ""Ceremonial border closing.""}]"
Punjab,Tarn Taran Sahib,Religious,Famous Sikh holy town.,31.4514,74.9253,October - March,"October,November,December,January,February,March",4.4,0.14,,"[{""name"": ""Tarn Taran Sahib Gurudwara"", ""description"": ""Historic Sikh shrine.""}]"
Punjab,Bathinda,Urban,Historic city with massive fort.,30.214,74.9455,October - March,"October,November,December,January,February,March",3.9,0.2,,"[{""name"": ""Qila Mubarak"", ""description"": ""Landmark fort in Punjab.""}]"
Rajasthan,Jaipur,Heritage,"Pink City, capital of Rajasthan.",26.9124,75.7873,October - March,"October,November,December,January,February,March",4.9,0.15,,"[{""name"": ""Amber Fort"", ""description"": ""Hilltop palace and fort.""}]"
Rajasthan,Udaipur,Heritage,"Lake city, famous for palaces and havelis.",24.5854,73.7125,October - March,"October,November,December,January,February,March",4.8,0.14,,"[{""name"": ""City Palace"", ""description"": ""Majestic lakeside palace.""}]"
Rajasthan,Jaisalmer,Heritage,"Golden city, famous for fort and sand dunes.",26.9157,70.9083,October - February,"October,November,December,January,February",4.7,0.16,,"[{""name"": ""Jaisalmer Fort"", ""description"": ""Living fort and havelis.""}]"
Rajasthan,Jodhpur,Heritage,"Blue City, home to Mehrangarh Fort.",26.2389,73.0243,October - March,"October,November,December,January,February,March",4.7,0.15,,"[{""name"": ""Mehrangarh Fort"", ""description"": ""Massive fortress on a hill.""}]"
Rajasthan,Mount Abu,Hill Station,Rajasthan’s only hill station with cool weather and lakes.,24.5925,72.7156,September - June,"September,October,November,December,January,February,March,April,May,June",4.2,0.18,,"[{""name"": ""Dilwara Temples"", ""description"": ""Marble Jain temple complex.""}]"
Rajasthan,Bikaner,Heritage,City famous for forts and camel festival.,28.0229,73.3119,October - March,"October,November,December,January,February,March",4.3,0.16,,"[{""name"": ""Junagarh Fort"", ""description"": ""Large fort and palace.""}]"
Rajasthan,Ajmer,Religious,"Pilgrimage city, home to Ajmer Sharif dargah.",26.4499,74.6399,October - March,"October,November,December,January,February,March",4.6,0.12,,"[{""name"": ""Ajmer Sharif"", ""description"": ""World-renowned Sufi shrine.""}]"
Rajasthan,Pushkar,Religious,Renowned holy city with Brahma temple and lake.,26.489,74.5517,October - March,"October,November,December,January,February,March",4.5,0.13,,"[{""name"": ""Pushkar Lake"", ""description"": ""Serene waterbody surrounded by ghats.""}]"
Rajasthan,Chittorgarh,Heritage,Largest fort complex in India.,24.8894,74.6269,October - March,"October,November,December,January,February,March",4.4,0.13,,"[{""name"": ""Chittorgarh Fort"", ""description"": ""Massive citadel and palaces.""}]"
Rajasthan,Ranthambore,Wildlife,National park and tiger reserve.,26.0173,76.5026,October - June,"October,November,December,January,February,March,April,May,June",4.8,0.15,,"[{""name"": ""Ranthambore NP"", ""description"": ""Wildlife and tiger spotting.""}]"
Sikkim,Gangtok,Hill Station,"Capital city, base for eastern Himalayas trekking.",27.3389,88.6065,March - June,"March,April,May,June",4.7,0.15,,"[{""name"": ""MG Marg"", ""description"": ""Main street of Gangtok.""}]"
Sikkim,Pelling,Hill Station,"Panoramic Himalayan views, historic monasteries.",27.1817,88.2773,March - June,"March,April,May,June",4.6,0.14,,"[{""name"": ""Pemayangtse Monastery"", ""description"": ""Ancient Buddhist monastery.""}]"
Sikkim,Lachung,Mountain Village,Gateway to Yumthang Valley and snow points.,27.6942,88.7437,March - May,"March,April,May",4.5,0.13,,"[{""name"": ""Lachung Monastery"", ""description"": ""Old Tibetan Buddhist monastery.""}]"
Sikkim,Yumthang Valley,Nature,Valley of flowers & hot springs.,27.8006,88.7406,April - June,"April,May,June",4.8,0.11,,"[{""name"": ""Yumthang Valley"", ""description"": ""Springtime flower fields.""}]"
Sikkim,Nathula Pass,Mountain Pass,Historic Silk Route pass on Indo-China border.,27.3826,88.8315,May - October,"May,June,July,August,September,October",4.5,0.2,,"[{""name"": ""Nathula"", ""description"": ""Snow-clad border point.""}]"
Sikkim,Tsomgo Lake,Nature,Scenic glacial lake surrounded by mountains.,27.3756,88.7491,April - June,"April,May,June",4.6,0.13,,"[{""name"": ""Tsomgo Lake"", ""description"": ""Pristine glacial lake.""}]"
Sikkim,Ravangla,Hill Station,Serene hamlet with monastery and mountain views.,27.3089,88.3704,March - June,"March,April,May,June",4.3,0.11,,"[{""name"": ""Buddha Park"", ""description"": ""Gigantic Buddha statue park.""}]"
Sikkim,Namchi,Town,Religious and cultural site in South Sikkim.,27.1757,88.3689,March - June,"March,April,May,June",4.2,0.13,,"[{""name"": ""Char Dham"", ""description"": ""Statues of Shiva and pilgrimage replicas.""}]"
Sikkim,Zuluk,Village,Scenic village on the historic Silk Route.,27.2832,88.7915,April - June,"April,May,June",4.5,0.14,,"[{""name"": ""Zuluk Loops"", ""description"": ""Winding mountain roads.""}]"
Sikkim,Lachen,Village,"Northern Sikkim village, base for Gurudongmar Lake trips.",27.7066,88.5567,May - June,"May,June",4.6,0.13,,"[{""name"": ""Gurudongmar Lake"", ""description"": ""Sacred high-altitude lake.""}]"
Tamil Nadu,Chennai,Urban,"Capital of Tamil Nadu, known for temples and Marina beach.",13.0827,80.2707,November - February,"November,December,January,February",4.4,0.18,,"[{""name"": ""Marina Beach"", ""description"": ""One of the longest urban beaches.""}]"
Tamil Nadu,Madurai,Religious,City famous for Meenakshi Amman temple.,9.9252,78.1198,October - March,"October,November,December,January,February,March",4.7,0.14,,"[{""name"": ""Meenakshi Temple"", ""description"": ""Historic Hindu temple.""}]"
Tamil Nadu,Ooty,Hill Station,Popular hill station with botanical gardens.,11.4115,76.695,April - June,"April,May,June",4.6,0.13,,"[{""name"": ""Botanical Gardens"", ""description"": ""Lush gardens with diverse flora.""}]"
Tamil Nadu,Kodaikanal,Hill Station,Hill station famous for lakes and waterfalls.,10.2381,77.489,April - June,"April,May,June",4.5,0.15,,"[{""name"": ""Kodaikanal Lake"", ""description"": ""Man-made lake popular for boating.""}]"
Tamil Nadu,Rameswaram,Religious,Important Hindu pilgrimage town.,9.2867,79.312,October - February,"October,November,December,January,February",4.6,0.12,,"[{""name"": ""Ramanathaswamy Temple"", ""description"": ""One of the Char Dhams.""}]"
Tamil Nadu,Kanchipuram,Religious,City known for temples and silk sarees.,12.8342,79.7036,October - February,"October,November,December,January,February",4.3,0.15,,"[{""name"": ""Kamakshi Amman Temple"", ""description"": ""Historic Hindu temple.""}]"
Telangana,Hyderabad,Urban,Capital city known for heritage sites and IT industry.,17.385,78.4867,October - February,"October,November,December,January,February",4.6,0.18,,"[{""name"": ""Charminar"", ""description"": ""Iconic monument of Hyderabad.""}]"
Sikkim,Gangtok,Hill Station,"Capital city, base for eastern Himalayas trekking.",27.3389,88.6065,March - June,"March,April,May,June",4.7,0.15,,"[{""name"": ""MG Marg"", ""description"": ""Main street of Gangtok.""}]"
Sikkim,Pelling,Hill Station,"Panoramic Himalayan views, historic monasteries.",27.1817,88.2773,March - June,"March,April,May,June",4.6,0.14,,"[{""name"": ""Pemayangtse Monastery"", ""description"": ""Ancient Buddhist monastery.""}]"
Sikkim,Lachung,Mountain Village,Gateway to Yumthang Valley and snow points.,27.6942,88.7437,March - May,"March,April,May",4.5,0.13,,"[{""name"": ""Lachung Monastery"", ""description"": ""Old Tibetan Buddhist monastery.""}]"
Sikkim,Yumthang Valley,Nature,Valley of flowers & hot springs.,27.8006,88.7406,April - June,"April,May,June",4.8,0.11,,"[{""name"": ""Yumthang Valley"", ""description"": ""Springtime flower fields.""}]"
Sikkim,Nathula Pass,Mountain Pass,Historic Silk Route pass on Indo-China border.,27.3826,88.8315,May - October,"May,June,July,August,September,October",4.5,0.2,,"[{""name"": ""Nathula"", ""description"": ""Snow-clad border point.""}]"
Sikkim,Tsomgo Lake,Nature,Scenic glacial lake surrounded by mountains.,27.3756,88.7491,April - June,"April,May,June",4.6,0.13,,"[{""name"": ""Tsomgo Lake"", ""description"": ""Pristine glacial lake.""}]"
Sikkim,Ravangla,Hill Station,Serene hamlet with monastery and mountain views.,27.3089,88.3704,March - June,"March,April,May,June",4.3,0.11,,"[{""name"": ""Buddha Park"", ""description"": ""Gigantic Buddha statue park.""}]"
Sikkim,Namchi,Town,Religious and cultural site in South Sikkim.,27.1757,88.3689,March - June,"March,April,May,June",4.2,0.13,,"[{""name"": ""Char Dham"", ""description"": ""Statues of Shiva and pilgrimage replicas.""}]"
Sikkim,Zuluk,Village,Scenic village on the historic Silk Route.,27.2832,88.7915,April - June,"April,May,June",4.5,0.14,,"[{""name"": ""Zuluk Loops"", ""description"": ""Winding mountain roads.""}]"
Sikkim,Lachen,Village,"Northern Sikkim village, base for Gurudongmar Lake trips.",27.7066,88.5567,May - June,"May,June",4.6,0.13,,"[{""name"": ""Gurudongmar Lake"", ""description"": ""Sacred high-altitude lake.""}]"
Tamil Nadu,Chennai,Urban,"Capital of Tamil Nadu, known for temples and Marina beach.",13.0827,80.2707,November - February,"November,December,January,February",4.4,0.18,,"[{""name"": ""Marina Beach"", ""description"": ""One of the longest urban beaches.""}]"
Tamil Nadu,Madurai,Religious,City famous for Meenakshi Amman temple.,9.9252,78.1198,October - March,"October,November,December,January,February,March",4.7,0.14,,"[{""name"": ""Meenakshi Temple"", ""description"": ""Historic Hindu temple.""}]"
Tamil Nadu,Ooty,Hill Station,Popular hill station with botanical gardens.,11.4115,76.695,April - June,"April,May,June",4.6,0.13,,"[{""name"": ""Botanical Gardens"", ""description"": ""Lush gardens with diverse flora.""}]"
Tamil Nadu,Kodaikanal,Hill Station,Hill station famous for lakes and waterfalls.,10.2381,77.489,April - June,"April,May,June",4.5,0.15,,"[{""name"": ""Kodaikanal Lake"", ""description"": ""Man-made lake popular for boating.""}]"
Tamil Nadu,Rameswaram,Religious,Important Hindu pilgrimage town.,9.2867,79.312,October - February,"October,November,December,January,February",4.6,0.12,,"[{""name"": ""Ramanathaswamy Temple"", ""description"": ""One of the Char Dhams.""}]"
Tamil Nadu,Kanchipuram,Religious,City known for temples and silk sarees.,12.8342,79.7036,October - February,"October,November,December,January,February",4.3,0.15,,"[{""name"": ""Kamakshi Amman Temple"", ""description"": ""Historic Hindu temple.""}]"
Telangana,Hyderabad,Urban,Capital city known for heritage sites and IT industry.,17.385,78.4867,October - February,"October,November,December,January,February",4.6,0.18,,"[{""name"": ""Charminar"", ""description"": ""Iconic monument of Hyderabad.""}]"
Telangana,Warangal,Heritage,Known for historic forts and temples.,17.9689,79.6014,October - February,"October,November,December,January,February",4.3,0.14,,"[{""name"": ""Warangal Fort"", ""description"": ""Historical fort ruins.""}]"
Telangana,Nizamabad,Urban,Known for bazaars and temples.,18.6726,78.0941,October - February,"October,November,December,January,February",4.0,0.16,,"[{""name"": ""Nizamabad Fort"", ""description"": ""Ancient fort with museum.""}]"
Telangana,Adilabad,Nature,Known for waterfalls and forests.,19.6667,78.5333,October - March,"October,November,December,January,February,March",4.2,0.15,,"[{""name"": ""Kuntala Waterfalls"", ""description"": ""Highest waterfall in Telangana.""}]"
Telangana,Khammam,Urban,Historical town with rich culture.,17.2473,80.1514,October - February,"October,November,December,January,February",4.0,0.17,,"[{""name"": ""Khammam Fort"", ""description"": ""Historic fort and park.""}]"
Telangana,Medak,Historical,Known for Medak Cathedral and forts.,17.8697,78.2696,October - February,"October,November,December,January,February",4.1,0.14,,"[{""name"": ""Medak Cathedral"", ""description"": ""One of the largest churches in Asia.""}]"
Telangana,Karimnagar,Urban,Known for archaeological sites and temples.,18.4386,79.1288,October - February,"October,November,December,January,February",4.0,0.15,,"[{""name"": ""Elgandal Fort"", ""description"": ""Historical fort.""}]"
Telangana,Bhongir,Historical,Famous for Bhongir Fort on a monolithic rock.,17.5129,78.8886,October - February,"October,November,December,January,February",4.2,0.14,,"[{""name"": ""Bhongir Fort"", ""description"": ""Fort atop a hill.""}]"
Telangana,Ananthagiri Hills,Nature,Scenic hill and forest area near Vikarabad.,17.3863,77.8419,October - March,"October,November,December,January,February,March",4.3,0.13,,"[{""name"": ""Ananthagiri Forest"", ""description"": ""Hiking and nature walks.""}]"
Telangana,Nagarjuna Sagar,Nature,Famous dam and reservoir on Krishna River.,16.5513,79.2883,October - February,"October,November,December,January,February",4.1,0.12,,"[{""name"": ""Nagarjuna Sagar Dam"", ""description"": ""One of the largest dams in India.""}]"
Tripura,Agartala,Urban,Capital city known for temples and palaces.,23.8315,91.2868,October - February,"October,November,December,January,February",4.0,0.15,,"[{""name"": ""Ujjayanta Palace"", ""description"": ""Royal palace turned museum.""}]"
Tripura,Udaipur,Heritage,Known for lakes and historical sites.,23.5517,91.4914,October - February,"October,November,December,January,February",4.2,0.13,,"[{""name"": ""Lake Rudrasagar"", ""description"": ""Scenic triple-lake system.""}]"
Tripura,Neermahal,Heritage,Water palace on a lake.,23.5932,91.7078,October - February,"October,November,December,January,February",4.1,0.14,,"[{""name"": ""Neermahal Palace"", ""description"": ""Lake palace in Udaipur.""}]"
Tripura,Unakoti,Heritage,Ancient rock carvings and pilgrimage site.,24.1264,91.631,October - February,"October,November,December,January,February",4.0,0.15,,"[{""name"": ""Unakoti"", ""description"": ""Rock-cut stone carvings.""}]"
Tripura,Jampui Hills,Hill Station,Hill range with scenic views.,24.3832,91.4531,October - March,"October,November,December,January,February,March",4.3,0.12,,"[{""name"": ""Jampui Hills"", ""description"": ""Tea gardens and scenic landscapes.""}]"
Tripura,Sepahijala Wildlife Sanctuary,Wildlife,Sanctuary with diverse flora and fauna.,23.5075,91.2488,October - February,"October,November,December,January,February",4.6,0.1,,"[{""name"": ""Sepahijala Sanctuary"", ""description"": ""Wildlife reserve with tropical animals.""}]"
Tripura,Chabimura,Heritage,Rock carvings on cliffside.,23.3724,91.7572,October - February,"October,November,December,January,February",4.0,0.15,,"[{""name"": ""Chabimura"", ""description"": ""Ancient rock sculptures.""}]"
Tripura,Dumboor Lake,Nature,Largest lake in Tripura.,23.5656,91.5246,October - February,"October,November,December,January,February",4.4,0.13,,"[{""name"": ""Dumboor Lake"", ""description"": ""Fishing and boating.""}]"
Tripura,Trishna Wildlife Sanctuary,Wildlife,Known for elephant and deer population.,23.65,91.5994,October - February,"October,November,December,January,February",4.5,0.12,,"[{""name"": ""Trishna Sanctuary"", ""description"": ""Elephants and birds.""}]"
Tripura,Melaghar,Urban,Small town known for natural beauty and temples.,23.3211,91.4585,October - February,"October,November,December,January,February",3.9,0.16,,"[{""name"": ""Melaghar"", ""description"": ""Local temples and tradition.""}]"
Tripura,Agartala,Urban,Capital city known for temples and palaces.,23.8315,91.2868,October - February,"October,November,December,January,February",4.0,0.15,,"[{""name"": ""Ujjayanta Palace"", ""description"": ""Royal palace turned museum.""}]"
Tripura,Udaipur,Heritage,Known for lakes and historical sites.,23.5517,91.4914,October - February,"October,November,December,January,February",4.2,0.13,,"[{""name"": ""Lake Rudrasagar"", ""description"": ""Scenic triple-lake system.""}]"
Tripura,Neermahal,Heritage,Water palace on a lake.,23.5932,91.7078,October - February,"October,November,December,January,February",4.1,0.14,,"[{""name"": ""Neermahal Palace"", ""description"": ""Lake palace in Udaipur.""}]"
Tripura,Unakoti,Heritage,Ancient rock carvings and pilgrimage site.,24.1264,91.631,October - February,"October,November,December,January,February",4.0,0.15,,"[{""name"": ""Unakoti"", ""description"": ""Rock-cut stone carvings.""}]"
Tripura,Jampui Hills,Hill Station,Hill range with scenic views.,24.3832,91.4531,October - March,"October,November,December,January,February,March",4.3,0.12,,"[{""name"": ""Jampui Hills"", ""description"": ""Tea gardens and scenic landscapes.""}]"
Tripura,Sepahijala Wildlife Sanctuary,Wildlife,Sanctuary with diverse flora and fauna.,23.5075,91.2488,October - February,"October,November,December,January,February",4.6,0.1,,"[{""name"": ""Sepahijala Sanctuary"", ""description"": ""Wildlife reserve with tropical animals.""}]"
Tripura,Chabimura,Heritage,Rock carvings on cliffside.,23.3724,91.7572,October - February,"October,November,December,January,February",4.0,0.15,,"[{""name"": ""Chabimura"", ""description"": ""Ancient rock sculptures.""}]"
Tripura,Dumboor Lake,Nature,Largest lake in Tripura.,23.5656,91.5246,October - February,"October,November,December,January,February",4.4,0.13,,"[{""name"": ""Dumboor Lake"", ""description"": ""Fishing and boating.""}]"
Tripura,Trishna Wildlife Sanctuary,Wildlife,Known for elephant and deer population.,23.65,91.5994,October - February,"October,November,December,January,February",4.5,0.12,,"[{""name"": ""Trishna Sanctuary"", ""description"": ""Elephants and birds.""}]"
Tripura,Melaghar,Urban,Small town known for natural beauty and temples.,23.3211,91.4585,October - February,"October,November,December,January,February",3.9,0.16,,"[{""name"": ""Melaghar"", ""description"": ""Local temples and tradition.""}]"
Uttar Pradesh,Agra,Heritage,Home to Taj Mahal and historic forts.,27.1767,78.0081,October - March,"October,November,December,January,February,March",4.9,0.15,,"[{""name"": ""Taj Mahal"", ""description"": ""Iconic marble mausoleum""}]"
Uttar Pradesh,Varanasi,Religious,One of the oldest inhabited cities in world.,25.3176,82.9739,October - March,"October,November,December,January,February,March",4.8,0.14,,"[{""name"": ""Kashi Vishwanath Temple"", ""description"": ""Important Hindu pilgrimage spot""}]"
Uttar Pradesh,Lucknow,Cultural,"Capital of UP, known for Nawabi heritage and cuisine.",26.8467,80.9462,October - March,"October,November,December,January,February,March",4.4,0.18,,"[{""name"": ""Bara Imambara"", ""description"": ""Historic monument and mosque""}]"
Uttar Pradesh,Mathura,Religious,"Birthplace of Lord Krishna, holy city.",27.4924,77.6737,October - March,"October,November,December,January,February,March",4.6,0.13,,"[{""name"": ""Vishram Ghat"", ""description"": ""Holy bathing ghat on Yamuna river""}]"
Uttar Pradesh,Vrindavan,Religious,Famous for Krishna temples and festivals.,27.5726,77.6982,October - March,"October,November,December,January,February,March",4.5,0.14,,"[{""name"": ""Banke Bihari Temple"", ""description"": ""Popular Krishna temple""}]"
Uttar Pradesh,Allahabad (Prayagraj),Religious,Known for Triveni Sangam and Kumbh Mela.,25.4358,81.8463,January - March,"January,February,March",4.3,0.17,,"[{""name"": ""Sangam"", ""description"": ""Confluence of three rivers""}]"
Uttar Pradesh,Ayodhya,Religious,"Birthplace of Lord Rama, historic city.",26.7993,82.2056,October - March,"October,November,December,January,February,March",4.6,0.12,,"[{""name"": ""Ram Janmabhoomi"", ""description"": ""Sacred Hindu site""}]"
Uttar Pradesh,Jhansi,Historical,Famous for Jhansi Fort and Rani Laxmibai.,25.4486,78.568,October - March,"October,November,December,January,February,March",4.0,0.19,,"[{""name"": ""Jhansi Fort"", ""description"": ""Historic fort and museum""}]"
Uttar Pradesh,Sarnath,Religious,Important Buddhist pilgrimage site near Varanasi.,25.4065,83.0188,October - March,"October,November,December,January,February,March",4.5,0.14,,"[{""name"": ""Dhamek Stupa"", ""description"": ""Buddhist stupa and archaeological site""}]"
Uttar Pradesh,Noida,Urban,"Modern city, part of the NCR of Delhi.",28.5355,77.391,October - March,"October,November,December,January,February,March",4.1,0.2,,"[{""name"": ""Okhla Bird Sanctuary"", ""description"": ""Urban bird sanctuary""}]"
Uttarakhand,Dehradun,Urban,Capital city and gateway to hill stations.,30.3165,78.0322,March - June,"March,April,May,June",4.3,0.14,,"[{""name"": ""Robber’s Cave"", ""description"": ""Natural cave formation.""}]"
Uttarakhand,Rishikesh,Spiritual,"Yoga capital of the world, on Ganges River.",30.0869,78.2676,February - April,"February,March,April",4.7,0.12,,"[{""name"": ""Laxman Jhula"", ""description"": ""Suspension bridge over Ganges.""}]"
Uttarakhand,Haridwar,Religious,"Gateway to the Char Dham, sacred city.",29.9457,78.1642,January - March,"January,February,March",4.5,0.15,,"[{""name"": ""Har Ki Pauri"", ""description"": ""Famous bathing ghat on Ganges.""}]"
Uttarakhand,Nainital,Hill Station,Popular hill station known for lakes.,29.3806,79.4636,April - June,"April,May,June",4.6,0.13,,"[{""name"": ""Naini Lake"", ""description"": ""Scenic lake for boating.""}]"
Uttarakhand,Mussoorie,Hill Station,Queen of the Hills. Cool climate and scenic vistas.,30.459,78.0667,March - June,"March,April,May,June",4.7,0.14,,"[{""name"": ""Camel's Back Road"", ""description"": ""Popular walking trail.""}]"
Uttarakhand,Jim Corbett,Wildlife,First national park of India known for tigers.,29.5304,78.7744,November - June,"November,December,January,February,March,April,May,June",4.8,0.11,,"[{""name"": ""Jim Corbett NP"", ""description"": ""Tiger reserve and jungle safaris.""}]"
Uttarakhand,Badrinath,Religious,One of the Char Dhams and holy pilgrimage town.,30.7433,79.4931,May - October,"May,June,July,August,September,October",4.7,0.12,,"[{""name"": ""Badrinath Temple"", ""description"": ""Sacred Hindu temple.""}]"
Uttarakhand,Kedarnath,Religious,Famous for ancient Kedarnath temple.,30.7344,79.0665,May - October,"May,June,July,August,September,October",4.6,0.14,,"[{""name"": ""Kedarnath Temple"", ""description"": ""One of the twelve Jyotirlingas.""}]"
Uttarakhand,Almora,Hill Station,Picturesque town with cultural richness.,29.597,79.6536,March - June,"March,April,May,June",4.3,0.16,,"[{""name"": ""Bright End Corner"", ""description"": ""Sunrise viewpoint.""}]"
Uttarakhand,Auli,Hill Station,Famous ski resort and mountain destination.,30.5467,79.5936,December - February,"December,January,February",4.6,0.13,,"[{""name"": ""Skiing Slopes"", ""description"": ""Popular winter sports venue.""}]"
West Bengal,Kolkata,Urban,Capital and cultural hub.,22.5726,88.3639,October - March,"October,November,December,January,February,March",4.5,0.16,,"[{""name"": ""Victoria Memorial"", ""description"": ""Iconic colonial monument.""}]"
West Bengal,Darjeeling,Hill Station,Famous for tea gardens and the scenic Himalayan railway.,27.036,88.2627,March - June,"March,April,May,June",4.7,0.14,,"[{""name"": ""Darjeeling Himalayan Railway"", ""description"": ""World Heritage steam train.""}]"
West Bengal,Sundarbans,Nature,"Largest mangrove forest in the world, home to Royal Bengal Tigers.",21.9497,88.8055,November - February,"November,December,January,February",4.6,0.13,,"[{""name"": ""Sundarbans National Park"", ""description"": ""UNESCO site for wildlife.""}]"
West Bengal,Kalimpong,Hill Station,Mountain town famous for monasteries and orchids.,27.0634,88.5331,March - June,"March,April,May,June",4.5,0.14,,"[{""name"": ""Zang Dhok Palri Monastery"", ""description"": ""Prominent Tibetan Buddhist monastery.""}]"
West Bengal,Digha,Beach,Popular seaside resort on the Bay of Bengal.,21.6361,87.5289,October - February,"October,November,December,January,February",4.1,0.18,,"[{""name"": ""New Digha Beach"", ""description"": ""Clean sandy beach for tourists.""}]"
West Bengal,Shantiniketan,Cultural,Home of Visva-Bharati University and Rabindranath Tagore.,23.6822,87.6982,October - March,"October,November,December,January,February,March",4.3,0.13,,"[{""name"": ""Visva-Bharati University"", ""description"": ""Cultural and educational landmark.""}]"
West Bengal,Murshidabad,Historical,Historic city once capital of Bengal.,24.1759,88.2736,October - March,"October,November,December,January,February,March",4.0,0.15,,"[{""name"": ""Hazarduari Palace"", ""description"": ""Famous palace museum.""}]"
West Bengal,Dooars,Nature,Region of forested foothills famous for wildlife.,26.737,88.8187,November - March,"November,December,January,February,March",4.5,0.12,,"[{""name"": ""Gorumara National Park"", ""description"": ""Popular wildlife sanctuary.""}]"
West Bengal,Bishnupur,Heritage,Famous for terracotta temples and crafts.,23.0267,87.2995,October - March,"October,November,December,January,February,March",4.3,0.14,,"[{""name"": ""Terracotta Temples"", ""description"": ""Historic temple architecture.""}]"
West Bengal,Jalpaiguri,Urban,Gateway to Dooars and tea gardens.,26.5164,88.7234,November - March,"November,December,January,February,March",4.1,0.15,,"[{""name"": ""Tea Gardens"", ""description"": ""Lush plantations and eco tourism.""}]"
